[
{
  "model": "main.country",
  "pk": 1,
  "fields": {
    "name": "Afghanistan"
  }
},
{
  "model": "main.country",
  "pk": 2,
  "fields": {
    "name": "Åland Islands"
  }
},
{
  "model": "main.country",
  "pk": 3,
  "fields": {
    "name": "Albania"
  }
},
{
  "model": "main.country",
  "pk": 4,
  "fields": {
    "name": "Algeria"
  }
},
{
  "model": "main.country",
  "pk": 5,
  "fields": {
    "name": "American Samoa"
  }
},
{
  "model": "main.country",
  "pk": 6,
  "fields": {
    "name": "Andorra"
  }
},
{
  "model": "main.country",
  "pk": 7,
  "fields": {
    "name": "Angola"
  }
},
{
  "model": "main.country",
  "pk": 8,
  "fields": {
    "name": "Anguilla"
  }
},
{
  "model": "main.country",
  "pk": 9,
  "fields": {
    "name": "Antarctica"
  }
},
{
  "model": "main.country",
  "pk": 10,
  "fields": {
    "name": "Antigua and Barbuda"
  }
},
{
  "model": "main.country",
  "pk": 11,
  "fields": {
    "name": "Argentina"
  }
},
{
  "model": "main.country",
  "pk": 12,
  "fields": {
    "name": "Armenia"
  }
},
{
  "model": "main.country",
  "pk": 13,
  "fields": {
    "name": "Aruba"
  }
},
{
  "model": "main.country",
  "pk": 14,
  "fields": {
    "name": "Australia"
  }
},
{
  "model": "main.country",
  "pk": 15,
  "fields": {
    "name": "Austria"
  }
},
{
  "model": "main.country",
  "pk": 16,
  "fields": {
    "name": "Azerbaijan"
  }
},
{
  "model": "main.country",
  "pk": 17,
  "fields": {
    "name": "Bahamas"
  }
},
{
  "model": "main.country",
  "pk": 18,
  "fields": {
    "name": "Bahrain"
  }
},
{
  "model": "main.country",
  "pk": 19,
  "fields": {
    "name": "Bangladesh"
  }
},
{
  "model": "main.country",
  "pk": 20,
  "fields": {
    "name": "Barbados"
  }
},
{
  "model": "main.country",
  "pk": 21,
  "fields": {
    "name": "Belarus"
  }
},
{
  "model": "main.country",
  "pk": 22,
  "fields": {
    "name": "Belgium"
  }
},
{
  "model": "main.country",
  "pk": 23,
  "fields": {
    "name": "Belize"
  }
},
{
  "model": "main.country",
  "pk": 24,
  "fields": {
    "name": "Benin"
  }
},
{
  "model": "main.country",
  "pk": 25,
  "fields": {
    "name": "Bermuda"
  }
},
{
  "model": "main.country",
  "pk": 26,
  "fields": {
    "name": "Bhutan"
  }
},
{
  "model": "main.country",
  "pk": 27,
  "fields": {
    "name": "Bolivia"
  }
},
{
  "model": "main.country",
  "pk": 28,
  "fields": {
    "name": "Bosnia and Herzegovina"
  }
},
{
  "model": "main.country",
  "pk": 29,
  "fields": {
    "name": "Botswana"
  }
},
{
  "model": "main.country",
  "pk": 30,
  "fields": {
    "name": "Bouvet Island"
  }
},
{
  "model": "main.country",
  "pk": 31,
  "fields": {
    "name": "Brazil"
  }
},
{
  "model": "main.country",
  "pk": 32,
  "fields": {
    "name": "British Indian Ocean Territory"
  }
},
{
  "model": "main.country",
  "pk": 33,
  "fields": {
    "name": "Brunei Darussalam"
  }
},
{
  "model": "main.country",
  "pk": 34,
  "fields": {
    "name": "Bulgaria"
  }
},
{
  "model": "main.country",
  "pk": 35,
  "fields": {
    "name": "Burkina Faso"
  }
},
{
  "model": "main.country",
  "pk": 36,
  "fields": {
    "name": "Burundi"
  }
},
{
  "model": "main.country",
  "pk": 37,
  "fields": {
    "name": "Cambodia"
  }
},
{
  "model": "main.country",
  "pk": 38,
  "fields": {
    "name": "Cameroon"
  }
},
{
  "model": "main.country",
  "pk": 39,
  "fields": {
    "name": "Canada"
  }
},
{
  "model": "main.country",
  "pk": 40,
  "fields": {
    "name": "Cape Verde"
  }
},
{
  "model": "main.country",
  "pk": 41,
  "fields": {
    "name": "Cayman Islands"
  }
},
{
  "model": "main.country",
  "pk": 42,
  "fields": {
    "name": "Central African Republic"
  }
},
{
  "model": "main.country",
  "pk": 43,
  "fields": {
    "name": "Chad"
  }
},
{
  "model": "main.country",
  "pk": 44,
  "fields": {
    "name": "Chile"
  }
},
{
  "model": "main.country",
  "pk": 45,
  "fields": {
    "name": "China"
  }
},
{
  "model": "main.country",
  "pk": 46,
  "fields": {
    "name": "Christmas Island"
  }
},
{
  "model": "main.country",
  "pk": 47,
  "fields": {
    "name": "Cocos (Keeling) Islands"
  }
},
{
  "model": "main.country",
  "pk": 48,
  "fields": {
    "name": "Colombia"
  }
},
{
  "model": "main.country",
  "pk": 49,
  "fields": {
    "name": "Comoros"
  }
},
{
  "model": "main.country",
  "pk": 50,
  "fields": {
    "name": "Congo"
  }
},
{
  "model": "main.country",
  "pk": 51,
  "fields": {
    "name": "Congo, The Democratic Republic of the"
  }
},
{
  "model": "main.country",
  "pk": 52,
  "fields": {
    "name": "Cook Islands"
  }
},
{
  "model": "main.country",
  "pk": 53,
  "fields": {
    "name": "Costa Rica"
  }
},
{
  "model": "main.country",
  "pk": 54,
  "fields": {
    "name": "Cote D'Ivoire"
  }
},
{
  "model": "main.country",
  "pk": 55,
  "fields": {
    "name": "Croatia"
  }
},
{
  "model": "main.country",
  "pk": 56,
  "fields": {
    "name": "Cuba"
  }
},
{
  "model": "main.country",
  "pk": 57,
  "fields": {
    "name": "Cyprus"
  }
},
{
  "model": "main.country",
  "pk": 58,
  "fields": {
    "name": "Czech Republic"
  }
},
{
  "model": "main.country",
  "pk": 59,
  "fields": {
    "name": "Denmark"
  }
},
{
  "model": "main.country",
  "pk": 60,
  "fields": {
    "name": "Djibouti"
  }
},
{
  "model": "main.country",
  "pk": 61,
  "fields": {
    "name": "Dominica"
  }
},
{
  "model": "main.country",
  "pk": 62,
  "fields": {
    "name": "Dominican Republic"
  }
},
{
  "model": "main.country",
  "pk": 63,
  "fields": {
    "name": "Ecuador"
  }
},
{
  "model": "main.country",
  "pk": 64,
  "fields": {
    "name": "Egypt"
  }
},
{
  "model": "main.country",
  "pk": 65,
  "fields": {
    "name": "El Salvador"
  }
},
{
  "model": "main.country",
  "pk": 66,
  "fields": {
    "name": "Equatorial Guinea"
  }
},
{
  "model": "main.country",
  "pk": 67,
  "fields": {
    "name": "Eritrea"
  }
},
{
  "model": "main.country",
  "pk": 68,
  "fields": {
    "name": "Estonia"
  }
},
{
  "model": "main.country",
  "pk": 69,
  "fields": {
    "name": "Ethiopia"
  }
},
{
  "model": "main.country",
  "pk": 70,
  "fields": {
    "name": "Falkland Islands (Malvinas)"
  }
},
{
  "model": "main.country",
  "pk": 71,
  "fields": {
    "name": "Faroe Islands"
  }
},
{
  "model": "main.country",
  "pk": 72,
  "fields": {
    "name": "Fiji"
  }
},
{
  "model": "main.country",
  "pk": 73,
  "fields": {
    "name": "Finland"
  }
},
{
  "model": "main.country",
  "pk": 74,
  "fields": {
    "name": "France"
  }
},
{
  "model": "main.country",
  "pk": 75,
  "fields": {
    "name": "French Guiana"
  }
},
{
  "model": "main.country",
  "pk": 76,
  "fields": {
    "name": "French Polynesia"
  }
},
{
  "model": "main.country",
  "pk": 77,
  "fields": {
    "name": "French Southern Territories"
  }
},
{
  "model": "main.country",
  "pk": 78,
  "fields": {
    "name": "Gabon"
  }
},
{
  "model": "main.country",
  "pk": 79,
  "fields": {
    "name": "Gambia"
  }
},
{
  "model": "main.country",
  "pk": 80,
  "fields": {
    "name": "Georgia"
  }
},
{
  "model": "main.country",
  "pk": 81,
  "fields": {
    "name": "Germany"
  }
},
{
  "model": "main.country",
  "pk": 82,
  "fields": {
    "name": "Ghana"
  }
},
{
  "model": "main.country",
  "pk": 83,
  "fields": {
    "name": "Gibraltar"
  }
},
{
  "model": "main.country",
  "pk": 84,
  "fields": {
    "name": "Greece"
  }
},
{
  "model": "main.country",
  "pk": 85,
  "fields": {
    "name": "Greenland"
  }
},
{
  "model": "main.country",
  "pk": 86,
  "fields": {
    "name": "Grenada"
  }
},
{
  "model": "main.country",
  "pk": 87,
  "fields": {
    "name": "Guadeloupe"
  }
},
{
  "model": "main.country",
  "pk": 88,
  "fields": {
    "name": "Guam"
  }
},
{
  "model": "main.country",
  "pk": 89,
  "fields": {
    "name": "Guatemala"
  }
},
{
  "model": "main.country",
  "pk": 90,
  "fields": {
    "name": "Guernsey"
  }
},
{
  "model": "main.country",
  "pk": 91,
  "fields": {
    "name": "Guinea"
  }
},
{
  "model": "main.country",
  "pk": 92,
  "fields": {
    "name": "Guinea-Bissau"
  }
},
{
  "model": "main.country",
  "pk": 93,
  "fields": {
    "name": "Guyana"
  }
},
{
  "model": "main.country",
  "pk": 94,
  "fields": {
    "name": "Haiti"
  }
},
{
  "model": "main.country",
  "pk": 95,
  "fields": {
    "name": "Heard Island and Mcdonald Islands"
  }
},
{
  "model": "main.country",
  "pk": 96,
  "fields": {
    "name": "Holy See (Vatican City State)"
  }
},
{
  "model": "main.country",
  "pk": 97,
  "fields": {
    "name": "Honduras"
  }
},
{
  "model": "main.country",
  "pk": 98,
  "fields": {
    "name": "Hong Kong"
  }
},
{
  "model": "main.country",
  "pk": 99,
  "fields": {
    "name": "Hungary"
  }
},
{
  "model": "main.country",
  "pk": 100,
  "fields": {
    "name": "Iceland"
  }
},
{
  "model": "main.country",
  "pk": 101,
  "fields": {
    "name": "India"
  }
},
{
  "model": "main.country",
  "pk": 102,
  "fields": {
    "name": "Indonesia"
  }
},
{
  "model": "main.country",
  "pk": 103,
  "fields": {
    "name": "Iran, Islamic Republic Of"
  }
},
{
  "model": "main.country",
  "pk": 104,
  "fields": {
    "name": "Iraq"
  }
},
{
  "model": "main.country",
  "pk": 105,
  "fields": {
    "name": "Ireland"
  }
},
{
  "model": "main.country",
  "pk": 106,
  "fields": {
    "name": "Isle of Man"
  }
},
{
  "model": "main.country",
  "pk": 107,
  "fields": {
    "name": "Italy"
  }
},
{
  "model": "main.country",
  "pk": 108,
  "fields": {
    "name": "Jamaica"
  }
},
{
  "model": "main.country",
  "pk": 109,
  "fields": {
    "name": "Japan"
  }
},
{
  "model": "main.country",
  "pk": 110,
  "fields": {
    "name": "Jersey"
  }
},
{
  "model": "main.country",
  "pk": 111,
  "fields": {
    "name": "Jordan"
  }
},
{
  "model": "main.country",
  "pk": 112,
  "fields": {
    "name": "Kazakhstan"
  }
},
{
  "model": "main.country",
  "pk": 113,
  "fields": {
    "name": "Kenya"
  }
},
{
  "model": "main.country",
  "pk": 114,
  "fields": {
    "name": "Kiribati"
  }
},
{
  "model": "main.country",
  "pk": 115,
  "fields": {
    "name": "Korea, Democratic People's Republic of"
  }
},
{
  "model": "main.country",
  "pk": 116,
  "fields": {
    "name": "Korea, Republic of"
  }
},
{
  "model": "main.country",
  "pk": 117,
  "fields": {
    "name": "Kuwait"
  }
},
{
  "model": "main.country",
  "pk": 118,
  "fields": {
    "name": "Kyrgyzstan"
  }
},
{
  "model": "main.country",
  "pk": 119,
  "fields": {
    "name": "Lao People's Democratic Republic"
  }
},
{
  "model": "main.country",
  "pk": 120,
  "fields": {
    "name": "Latvia"
  }
},
{
  "model": "main.country",
  "pk": 121,
  "fields": {
    "name": "Lebanon"
  }
},
{
  "model": "main.country",
  "pk": 122,
  "fields": {
    "name": "Lesotho"
  }
},
{
  "model": "main.country",
  "pk": 123,
  "fields": {
    "name": "Liberia"
  }
},
{
  "model": "main.country",
  "pk": 124,
  "fields": {
    "name": "Libya"
  }
},
{
  "model": "main.country",
  "pk": 125,
  "fields": {
    "name": "Liechtenstein"
  }
},
{
  "model": "main.country",
  "pk": 126,
  "fields": {
    "name": "Lithuania"
  }
},
{
  "model": "main.country",
  "pk": 127,
  "fields": {
    "name": "Luxembourg"
  }
},
{
  "model": "main.country",
  "pk": 128,
  "fields": {
    "name": "Macao"
  }
},
{
  "model": "main.country",
  "pk": 129,
  "fields": {
    "name": "Macedonia, The Former Yugoslav Republic of"
  }
},
{
  "model": "main.country",
  "pk": 130,
  "fields": {
    "name": "Madagascar"
  }
},
{
  "model": "main.country",
  "pk": 131,
  "fields": {
    "name": "Malawi"
  }
},
{
  "model": "main.country",
  "pk": 132,
  "fields": {
    "name": "Malaysia"
  }
},
{
  "model": "main.country",
  "pk": 133,
  "fields": {
    "name": "Maldives"
  }
},
{
  "model": "main.country",
  "pk": 134,
  "fields": {
    "name": "Mali"
  }
},
{
  "model": "main.country",
  "pk": 135,
  "fields": {
    "name": "Malta"
  }
},
{
  "model": "main.country",
  "pk": 136,
  "fields": {
    "name": "Marshall Islands"
  }
},
{
  "model": "main.country",
  "pk": 137,
  "fields": {
    "name": "Martinique"
  }
},
{
  "model": "main.country",
  "pk": 138,
  "fields": {
    "name": "Mauritania"
  }
},
{
  "model": "main.country",
  "pk": 139,
  "fields": {
    "name": "Mauritius"
  }
},
{
  "model": "main.country",
  "pk": 140,
  "fields": {
    "name": "Mayotte"
  }
},
{
  "model": "main.country",
  "pk": 141,
  "fields": {
    "name": "Mexico"
  }
},
{
  "model": "main.country",
  "pk": 142,
  "fields": {
    "name": "Micronesia, Federated States of"
  }
},
{
  "model": "main.country",
  "pk": 143,
  "fields": {
    "name": "Moldova, Republic of"
  }
},
{
  "model": "main.country",
  "pk": 144,
  "fields": {
    "name": "Monaco"
  }
},
{
  "model": "main.country",
  "pk": 145,
  "fields": {
    "name": "Mongolia"
  }
},
{
  "model": "main.country",
  "pk": 146,
  "fields": {
    "name": "Montserrat"
  }
},
{
  "model": "main.country",
  "pk": 147,
  "fields": {
    "name": "Morocco"
  }
},
{
  "model": "main.country",
  "pk": 148,
  "fields": {
    "name": "Mozambique"
  }
},
{
  "model": "main.country",
  "pk": 149,
  "fields": {
    "name": "Myanmar"
  }
},
{
  "model": "main.country",
  "pk": 150,
  "fields": {
    "name": "Namibia"
  }
},
{
  "model": "main.country",
  "pk": 151,
  "fields": {
    "name": "Nauru"
  }
},
{
  "model": "main.country",
  "pk": 152,
  "fields": {
    "name": "Nepal"
  }
},
{
  "model": "main.country",
  "pk": 153,
  "fields": {
    "name": "Netherlands"
  }
},
{
  "model": "main.country",
  "pk": 154,
  "fields": {
    "name": "Netherlands Antilles"
  }
},
{
  "model": "main.country",
  "pk": 155,
  "fields": {
    "name": "New Caledonia"
  }
},
{
  "model": "main.country",
  "pk": 156,
  "fields": {
    "name": "New Zealand"
  }
},
{
  "model": "main.country",
  "pk": 157,
  "fields": {
    "name": "Nicaragua"
  }
},
{
  "model": "main.country",
  "pk": 158,
  "fields": {
    "name": "Niger"
  }
},
{
  "model": "main.country",
  "pk": 159,
  "fields": {
    "name": "Nigeria"
  }
},
{
  "model": "main.country",
  "pk": 160,
  "fields": {
    "name": "Niue"
  }
},
{
  "model": "main.country",
  "pk": 161,
  "fields": {
    "name": "Norfolk Island"
  }
},
{
  "model": "main.country",
  "pk": 162,
  "fields": {
    "name": "Northern Mariana Islands"
  }
},
{
  "model": "main.country",
  "pk": 163,
  "fields": {
    "name": "Norway"
  }
},
{
  "model": "main.country",
  "pk": 164,
  "fields": {
    "name": "Oman"
  }
},
{
  "model": "main.country",
  "pk": 165,
  "fields": {
    "name": "Pakistan"
  }
},
{
  "model": "main.country",
  "pk": 166,
  "fields": {
    "name": "Palau"
  }
},
{
  "model": "main.country",
  "pk": 167,
  "fields": {
    "name": "Palestinian"
  }
},
{
  "model": "main.country",
  "pk": 168,
  "fields": {
    "name": "Panama"
  }
},
{
  "model": "main.country",
  "pk": 169,
  "fields": {
    "name": "Papua New Guinea"
  }
},
{
  "model": "main.country",
  "pk": 170,
  "fields": {
    "name": "Paraguay"
  }
},
{
  "model": "main.country",
  "pk": 171,
  "fields": {
    "name": "Peru"
  }
},
{
  "model": "main.country",
  "pk": 172,
  "fields": {
    "name": "Philippines"
  }
},
{
  "model": "main.country",
  "pk": 173,
  "fields": {
    "name": "Pitcairn"
  }
},
{
  "model": "main.country",
  "pk": 174,
  "fields": {
    "name": "Poland"
  }
},
{
  "model": "main.country",
  "pk": 175,
  "fields": {
    "name": "Portugal"
  }
},
{
  "model": "main.country",
  "pk": 176,
  "fields": {
    "name": "Puerto Rico"
  }
},
{
  "model": "main.country",
  "pk": 177,
  "fields": {
    "name": "Qatar"
  }
},
{
  "model": "main.country",
  "pk": 178,
  "fields": {
    "name": "Reunion"
  }
},
{
  "model": "main.country",
  "pk": 179,
  "fields": {
    "name": "Romania"
  }
},
{
  "model": "main.country",
  "pk": 180,
  "fields": {
    "name": "Russian Federation"
  }
},
{
  "model": "main.country",
  "pk": 181,
  "fields": {
    "name": "Rwanda"
  }
},
{
  "model": "main.country",
  "pk": 182,
  "fields": {
    "name": "Saint Helena"
  }
},
{
  "model": "main.country",
  "pk": 183,
  "fields": {
    "name": "Saint Kitts and Nevis"
  }
},
{
  "model": "main.country",
  "pk": 184,
  "fields": {
    "name": "Saint Lucia"
  }
},
{
  "model": "main.country",
  "pk": 185,
  "fields": {
    "name": "Saint Pierre and Miquelon"
  }
},
{
  "model": "main.country",
  "pk": 186,
  "fields": {
    "name": "Saint Vincent and the Grenadines"
  }
},
{
  "model": "main.country",
  "pk": 187,
  "fields": {
    "name": "Samoa"
  }
},
{
  "model": "main.country",
  "pk": 188,
  "fields": {
    "name": "San Marino"
  }
},
{
  "model": "main.country",
  "pk": 189,
  "fields": {
    "name": "Sao Tome and Principe"
  }
},
{
  "model": "main.country",
  "pk": 190,
  "fields": {
    "name": "Saudi Arabia"
  }
},
{
  "model": "main.country",
  "pk": 191,
  "fields": {
    "name": "Senegal"
  }
},
{
  "model": "main.country",
  "pk": 192,
  "fields": {
    "name": "Serbia and Montenegro"
  }
},
{
  "model": "main.country",
  "pk": 193,
  "fields": {
    "name": "Seychelles"
  }
},
{
  "model": "main.country",
  "pk": 194,
  "fields": {
    "name": "Sierra Leone"
  }
},
{
  "model": "main.country",
  "pk": 195,
  "fields": {
    "name": "Singapore"
  }
},
{
  "model": "main.country",
  "pk": 196,
  "fields": {
    "name": "Slovakia"
  }
},
{
  "model": "main.country",
  "pk": 197,
  "fields": {
    "name": "Slovenia"
  }
},
{
  "model": "main.country",
  "pk": 198,
  "fields": {
    "name": "Solomon Islands"
  }
},
{
  "model": "main.country",
  "pk": 199,
  "fields": {
    "name": "Somalia"
  }
},
{
  "model": "main.country",
  "pk": 200,
  "fields": {
    "name": "South Africa"
  }
},
{
  "model": "main.country",
  "pk": 201,
  "fields": {
    "name": "South Georgia and the South Sandwich Islands"
  }
},
{
  "model": "main.country",
  "pk": 202,
  "fields": {
    "name": "Spain"
  }
},
{
  "model": "main.country",
  "pk": 203,
  "fields": {
    "name": "Sri Lanka"
  }
},
{
  "model": "main.country",
  "pk": 204,
  "fields": {
    "name": "Sudan"
  }
},
{
  "model": "main.country",
  "pk": 205,
  "fields": {
    "name": "Suriname"
  }
},
{
  "model": "main.country",
  "pk": 206,
  "fields": {
    "name": "Svalbard and Jan Mayen"
  }
},
{
  "model": "main.country",
  "pk": 207,
  "fields": {
    "name": "Swaziland"
  }
},
{
  "model": "main.country",
  "pk": 208,
  "fields": {
    "name": "Sweden"
  }
},
{
  "model": "main.country",
  "pk": 209,
  "fields": {
    "name": "Switzerland"
  }
},
{
  "model": "main.country",
  "pk": 210,
  "fields": {
    "name": "Syrian Arab Republic"
  }
},
{
  "model": "main.country",
  "pk": 211,
  "fields": {
    "name": "Taiwan, Province of China"
  }
},
{
  "model": "main.country",
  "pk": 212,
  "fields": {
    "name": "Tajikistan"
  }
},
{
  "model": "main.country",
  "pk": 213,
  "fields": {
    "name": "Tanzania, United Republic of"
  }
},
{
  "model": "main.country",
  "pk": 214,
  "fields": {
    "name": "Thailand"
  }
},
{
  "model": "main.country",
  "pk": 215,
  "fields": {
    "name": "Timor-Leste"
  }
},
{
  "model": "main.country",
  "pk": 216,
  "fields": {
    "name": "Togo"
  }
},
{
  "model": "main.country",
  "pk": 217,
  "fields": {
    "name": "Tokelau"
  }
},
{
  "model": "main.country",
  "pk": 218,
  "fields": {
    "name": "Tonga"
  }
},
{
  "model": "main.country",
  "pk": 219,
  "fields": {
    "name": "Trinidad and Tobago"
  }
},
{
  "model": "main.country",
  "pk": 220,
  "fields": {
    "name": "Tunisia"
  }
},
{
  "model": "main.country",
  "pk": 221,
  "fields": {
    "name": "Turkey"
  }
},
{
  "model": "main.country",
  "pk": 222,
  "fields": {
    "name": "Turkmenistan"
  }
},
{
  "model": "main.country",
  "pk": 223,
  "fields": {
    "name": "Turks and Caicos Islands"
  }
},
{
  "model": "main.country",
  "pk": 224,
  "fields": {
    "name": "Tuvalu"
  }
},
{
  "model": "main.country",
  "pk": 225,
  "fields": {
    "name": "Uganda"
  }
},
{
  "model": "main.country",
  "pk": 226,
  "fields": {
    "name": "Ukraine"
  }
},
{
  "model": "main.country",
  "pk": 227,
  "fields": {
    "name": "United Arab Emirates"
  }
},
{
  "model": "main.country",
  "pk": 228,
  "fields": {
    "name": "United Kingdom"
  }
},
{
  "model": "main.country",
  "pk": 229,
  "fields": {
    "name": "United States"
  }
},
{
  "model": "main.country",
  "pk": 230,
  "fields": {
    "name": "United States Minor Outlying Islands"
  }
},
{
  "model": "main.country",
  "pk": 231,
  "fields": {
    "name": "Uruguay"
  }
},
{
  "model": "main.country",
  "pk": 232,
  "fields": {
    "name": "Uzbekistan"
  }
},
{
  "model": "main.country",
  "pk": 233,
  "fields": {
    "name": "Vanuatu"
  }
},
{
  "model": "main.country",
  "pk": 234,
  "fields": {
    "name": "Venezuela"
  }
},
{
  "model": "main.country",
  "pk": 235,
  "fields": {
    "name": "Viet Nam"
  }
},
{
  "model": "main.country",
  "pk": 236,
  "fields": {
    "name": "Virgin Islands, British"
  }
},
{
  "model": "main.country",
  "pk": 237,
  "fields": {
    "name": "Virgin Islands, U.S."
  }
},
{
  "model": "main.country",
  "pk": 238,
  "fields": {
    "name": "Wallis and Futuna"
  }
},
{
  "model": "main.country",
  "pk": 239,
  "fields": {
    "name": "Western Sahara"
  }
},
{
  "model": "main.country",
  "pk": 240,
  "fields": {
    "name": "Yemen"
  }
},
{
  "model": "main.country",
  "pk": 241,
  "fields": {
    "name": "Zambia"
  }
},
{
  "model": "main.country",
  "pk": 242,
  "fields": {
    "name": "Zimbabwe"
  }
},
{
  "model": "main.country",
  "pk": 243,
  "fields": {
    "name": "Scotland"
  }
},
{
  "model": "main.group",
  "pk": 33,
  "fields": {
    "name": "Ultras White Knights",
    "country": 64,
    "founding_year": 2007,
    "description": "Ultras White Knights (UWK) are the main supporters’ group of Zamalek SC in Cairo, Egypt, founded in 2007. They are known for their passionate support, spectacular tifos, and heavy use of flares and smoke in stadiums, creating one of the most intense atmospheres in African football. Beyond football, they became a political force during Egypt’s 2011 revolution, clashing frequently with security forces and expressing opposition to government repression, which led to bans and persecution of their members. Their fiercest rivalry is with Ultras Ahlawy of Al Ahly, forming one of the most heated Ultras rivalries in the world, making the Cairo Derby one of football’s most electric matches.",
    "logo": "https://ultras-project.s3.amazonaws.com/d35cda.jpeg"
  }
},
{
  "model": "main.group",
  "pk": 34,
  "fields": {
    "name": "Ultras Ahlawy",
    "country": 64,
    "founding_year": 2007,
    "description": "Ultras Ahlawy are the main supporters’ group of Al Ahly SC, Egypt’s most successful football club, founded in 2007. They are famous for their relentless chants, choreographed tifos, and massive displays of red and black that dominate the stands during matches, giving Al Ahly one of the most intimidating home atmospheres in Africa. The group is deeply tied to Egypt’s political and social landscape, playing a prominent role during the 2011 revolution and often clashing with authorities, which has made them both celebrated and controversial. Their fiercest rivalry is with Ultras White Knights of Zamalek, making the Cairo Derby one of the most explosive and passionate fixtures in world football.",
    "logo": "https://ultras-project.s3.amazonaws.com/780171.jpg"
  }
},
{
  "model": "main.group",
  "pk": 35,
  "fields": {
    "name": "Ultras Yellow Dragons",
    "country": 64,
    "founding_year": 2007,
    "description": "Ultras Yellow Dragons are the passionate supporters of Ismaily SC, one of Egypt’s oldest and most historic football clubs, based in Ismailia. Founded in the late 2000s, the group quickly became known for its loyalty and colorful support, bringing vibrant yellow choreographies, banners, and non-stop chants to matches. Unlike the much larger Cairo-based Ultras, the Yellow Dragons represent the pride of the Suez Canal region, emphasizing local identity and community spirit. Their biggest rivals are the Ultras of Al Ahly and Zamalek, but they maintain a reputation for being fiercely devoted yet more family-oriented compared to Egypt’s larger Ultras groups.",
    "logo": "https://ultras-project.s3.amazonaws.com/765fe4.jpg"
  }
},
{
  "model": "main.group",
  "pk": 36,
  "fields": {
    "name": "Ultras Green Eagles",
    "country": 64,
    "founding_year": 2007,
    "description": "Ultras Green Eagles are the devoted supporters of Al Masry SC, based in Port Said, Egypt, and were founded in 2007. They are famous for their passionate displays of loyalty to both their club and their city, often emphasizing Port Said’s independence and resistance spirit through their chants and banners. The Green Eagles are recognized for their creativity in tifos and choreographies, as well as their strong community ties, portraying themselves as defenders of Port Said’s honor. Their identity is forever linked to the tragic Port Said Stadium disaster in 2012, which left dozens of Al Masry and Al Ahly fans dead, a turning point in Egyptian football history. Despite bans and restrictions, the Green Eagles continue to symbolize pride, resilience, and fierce devotion to Al Masry.",
    "logo": "https://ultras-project.s3.amazonaws.com/ff0559.jpeg"
  }
},
{
  "model": "main.group",
  "pk": 37,
  "fields": {
    "name": "Çarşı Beşiktaş JK",
    "country": 221,
    "founding_year": 1982,
    "description": "Founded in 1982, Çarşı are legendary for their creativity, humor, and political activism. Their iconic “A” in their logo is drawn like the anarchist symbol, and they are famous for witty banners, giant tifos, and socially engaged protests. They see themselves not just as supporters but also as a voice of the people, often critical of authorities.",
    "logo": "https://ultras-project.s3.amazonaws.com/1b35cd.png"
  }
},
{
  "model": "main.group",
  "pk": 38,
  "fields": {
    "name": "UltrAslan",
    "country": 221,
    "founding_year": 2001,
    "description": "Established in 2001, UltrAslan are the largest supporter group in Turkey, known for their enormous numbers and intimidating atmospheres, especially in Ali Sami Yen and later Türk Telekom Stadium. They are fiercely loyal to Galatasaray and coordinate massive choreographies and deafening chants.",
    "logo": "https://ultras-project.s3.amazonaws.com/cb35cf.png"
  }
},
{
  "model": "main.group",
  "pk": 39,
  "fields": {
    "name": "Genç Fenerbahçeliler",
    "country": 221,
    "founding_year": 1990,
    "description": "The biggest Fenerbahçe Ultras group, founded in the late 1990s. They are famous for their passionate support and rivalries with both Galatasaray and Beşiktaş. Their displays often feature huge banners, smoke, and continuous singing, making Şükrü Saracoğlu Stadium one of the toughest venues for opponents.",
    "logo": "https://ultras-project.s3.amazonaws.com/c35fc1.jpg"
  }
},
{
  "model": "main.group",
  "pk": 40,
  "fields": {
    "name": "Ultras Sur",
    "country": 202,
    "founding_year": 1980,
    "description": "Ultras Sur are a notorious supporter group of Real Madrid CF, founded in 1980 and based in the Santiago Bernabéu’s south stand. They are famous for their extreme loyalty to Real Madrid, creating intimidating atmospheres with chants, banners, and tifos, but they are also widely criticized for far-right political associations and involvement in violence. Ultras Sur members are deeply involved in the rivalry with Atlético Madrid’s Frente Atlético and other clubs, making Madrid derbies highly charged both on and off the pitch. Despite being controversial, they remain one of the most recognized Ultras groups in Spain and Europe.",
    "logo": "https://ultras-project.s3.amazonaws.com/b10297.jpg"
  }
},
{
  "model": "main.group",
  "pk": 41,
  "fields": {
    "name": "Frente Atlético",
    "country": 202,
    "founding_year": 1982,
    "description": "They are the main Ultras of Atlético Madrid, founded in 1982. Known for their fierce loyalty to Atlético, they fill the stands with relentless chants, tifos, and pyrotechnics, especially during Madrid derbies against Real Madrid’s Ultras Sur. The group has a reputation for violence and far-right political affiliations, which has led to clashes with rival fans and authorities. Despite controversy, they remain a defining part of Atlético’s intense fan culture.",
    "logo": "https://ultras-project.s3.amazonaws.com/242827.png"
  }
},
{
  "model": "main.group",
  "pk": 42,
  "fields": {
    "name": "Boixos Nois",
    "country": 202,
    "founding_year": 1981,
    "description": "are a well-known supporter group of FC Barcelona, founded in 1981. They are famous for their passionate support, banners, and choreographies, though their history has been marked by internal conflicts and far-right infiltration. Officially banned from the Camp Nou since 2003, they remain active in Barcelona’s fan scene, maintaining a reputation as one of the most extreme Ultras groups in Spain.",
    "logo": "https://ultras-project.s3.amazonaws.com/6fffa7.jpeg"
  }
},
{
  "model": "main.group",
  "pk": 43,
  "fields": {
    "name": "La Adicción",
    "country": 141,
    "founding_year": 1987,
    "description": "La Adicción are the main Ultras of Club América, founded in 1987 and based in Mexico City. They are renowned for their passionate support, creating intense atmospheres at Estadio Azteca with nonstop chants, giant banners, and coordinated tifos. Fiercely loyal to América, they are at the center of the club’s most heated rivalry with Chivas Guadalajara’s Barra 51, making the Clásico Nacional one of the most electric matches in Mexican football. Beyond football, they are known for their tight-knit community and commitment to supporting their team home and away.",
    "logo": "https://ultras-project.s3.amazonaws.com/a24851.jpeg"
  }
},
{
  "model": "main.group",
  "pk": 44,
  "fields": {
    "name": "Barra 51 Sur",
    "country": 141,
    "founding_year": 1985,
    "description": "the main Ultras of Chivas Guadalajara, also founded in the 1985. They are famous for their coordinated chants, banners, and tifos, emphasizing loyalty to Chivas and Mexican football traditions. Their rivalry with Club América’s La Adicción in the",
    "logo": "https://ultras-project.s3.amazonaws.com/e55a47.png"
  }
},
{
  "model": "main.group",
  "pk": 45,
  "fields": {
    "name": "La Rebel",
    "country": 141,
    "founding_year": 19855,
    "description": "the passionate Ultras of Pumas UNAM, founded in 1985–1986. Representing the university’s student spirit at Estadio Olímpico Universitario, they are known for energetic chants, drums, and vibrant banners, emphasizing academic pride and loyalty to UNAM. Their main rivalries are with Mexico City teams, particularly Club América, creating fierce local derbies.",
    "logo": "https://ultras-project.s3.amazonaws.com/4906ff.jpg"
  }
},
{
  "model": "main.group",
  "pk": 46,
  "fields": {
    "name": "Green Brigade",
    "country": 243,
    "founding_year": 2006,
    "description": "Green Brigade are the main Ultras of Celtic FC in Glasgow, Scotland, founded in 2006. They are known for their passionate support, massive tifos, and relentless chanting, creating one of the most intimidating and vibrant atmospheres in Scottish football. Strongly tied to Irish republicanism and left-wing political causes, the Green Brigade often incorporates political messages into their banners and displays, reflecting both football loyalty and social activism. Their main rivalries are with Rangers FC’s supporters in the Old Firm derby, which is one of the fiercest and most historic football rivalries in the world.",
    "logo": "https://ultras-project.s3.amazonaws.com/260a38.png"
  }
},
{
  "model": "main.group",
  "pk": 47,
  "fields": {
    "name": "The Red Ultras",
    "country": 243,
    "founding_year": 2000,
    "description": "Supporters of Aberdeen FC, founded in the early 2000s. They are known for creating vibrant atmospheres at Pittodrie Stadium with chants, banners, and coordinated tifos. While smaller than the Glasgow clubs’ Ultras, they are fiercely loyal to Aberdeen and organize traveling support for away matches, emphasizing local pride and community identity.",
    "logo": "https://ultras-project.s3.amazonaws.com/be711d.jpg"
  }
},
{
  "model": "main.group",
  "pk": 48,
  "fields": {
    "name": "Kop of Boulogne",
    "country": 74,
    "founding_year": 1986,
    "description": "Founded in 1987, Kop of Boulogne are one of the original Ultras groups supporting Paris Saint-Germain (PSG). Based in the Boulogne stand of Parc des Princes, they became famous for their vocal support, banners, and pyrotechnics. Historically, the group had internal political tensions and was associated with far-right ideology, which led PSG to officially distance itself from them in the 2000s. Their main rivalries were with other PSG Ultras (especially Supras Auteuil) and clubs like Olympique de Marseille in Le Classique, France’s most famous derby.",
    "logo": "https://ultras-project.s3.amazonaws.com/611c10.jpeg"
  }
},
{
  "model": "main.group",
  "pk": 49,
  "fields": {
    "name": "Supras Auteuil",
    "country": 74,
    "founding_year": 1991,
    "description": "Established in 1991, Supras Auteuil are another main PSG Ultras group, originally formed as a left-leaning alternative to Kop of Boulogne. Based in the Auteuil stand, they are known for choreographed tifos, constant chants, and traveling support for away matches. Supras Auteuil focused on social activism and club loyalty, and their rivalry with Boulogne was intense until both groups were banned from their respective stands in 2010 by the PSG management.",
    "logo": "https://ultras-project.s3.amazonaws.com/57fb18.jpg"
  }
},
{
  "model": "main.group",
  "pk": 50,
  "fields": {
    "name": "Commando Ultras",
    "country": 74,
    "founding_year": 1984,
    "description": "Supporting Olympique de Marseille, this group was founded in 1984 and is considered one of the oldest French Ultras. Located in the south stand of Stade Vélodrome, they are known for massive tifos, coordinated chants, and pyro displays. Commando Ultras have played a role in Marseille’s fan identity, emphasizing working-class pride and local loyalty. Their fiercest rivalry is with PSG Ultras in Le Classique, as well as local tensions with Virage Sud, another Marseille supporters’ group.",
    "logo": "https://ultras-project.s3.amazonaws.com/d0f4e8.jpg"
  }
},
{
  "model": "main.group",
  "pk": 51,
  "fields": {
    "name": "Virage Sud",
    "country": 74,
    "founding_year": 1987,
    "description": "supporters of Olympique de Marseille, Virage Sud were founded in 1987 to occupy the south curve alongside Commando Ultras. They focus on large-scale choreographies, organized chants, and pyro displays during matches. While sharing stadium space with Commando Ultras, they sometimes coordinate or compete for dominance in tifos and stadium leadership. Their main rivalries include PSG in Le Classique and other French clubs in Ligue 1",
    "logo": "https://ultras-project.s3.amazonaws.com/91b3c0.png"
  }
},
{
  "model": "main.group",
  "pk": 52,
  "fields": {
    "name": "Magic Fans",
    "country": 74,
    "founding_year": 1987,
    "description": "Founded in 1987, Magic Fans support AS Saint-Étienne. They are famous for elaborate tifos, drums, and chants at Stade Geoffroy-Guichard, reflecting the club’s green-and-white identity. Their main rivalries are with Lyon, making the Derby Rhône-Alpes one of the fiercest local derbies in French football. They combine support for the club with strong regional pride.",
    "logo": "https://ultras-project.s3.amazonaws.com/c5726e.jpeg"
  }
},
{
  "model": "main.group",
  "pk": 53,
  "fields": {
    "name": "Curva Sud Milano",
    "country": 107,
    "founding_year": 1967,
    "description": "Founded in 1967, Curva Sud Milano is the historic Ultras group supporting AC Milan, based in the south stand of San Siro. They are known for their massive tifos, coordinated chants, pyro, and constant drum support, creating one of Europe’s most intimidating atmospheres. Over the decades, they became a symbol of Milanese pride and loyalty. Their biggest rivalries include Inter Milan’s Curva Nord, Fiorentina, and Juventus, making them central to Serie A’s most intense derbies.",
    "logo": "https://ultras-project.s3.amazonaws.com/01e311.jpg"
  }
},
{
  "model": "main.group",
  "pk": 54,
  "fields": {
    "name": "Fossa dei Leoni",
    "country": 107,
    "founding_year": 1968,
    "description": "One of the first true Italian Ultras groups, founded in 1968. Although officially dissolved in the 1990s, they laid the foundation for Milan’s fan culture, pioneering choreographies, flags, a",
    "logo": "https://ultras-project.s3.amazonaws.com/8d5e5e.jpeg"
  }
},
{
  "model": "main.group",
  "pk": 55,
  "fields": {
    "name": "Curva Nord Milano",
    "country": 107,
    "founding_year": 1969,
    "description": "Founded in 1969, they are the main Ultras of Inter Milan, occupying the north stand of San Siro. Known for coordinated tifos, drums, and vocal support, they represent Inter’s fanbase in Milan. Their main rivalries are with Curva Sud (AC Milan) and Juventus. Political affiliations have varied over time, with some factions historically leaning right-wing.",
    "logo": "https://ultras-project.s3.amazonaws.com/3bfd31.jpeg"
  }
},
{
  "model": "main.group",
  "pk": 56,
  "fields": {
    "name": "Irriducibili",
    "country": 107,
    "founding_year": 1987,
    "description": "the Irriducibili are the historic Ultras of S.S. Lazio, based in the Curva Nord of Stadio Olimpico in Rome. They are notorious for elaborate tifos, political banners (often far-right), and intense support during matches. Their main rivalries include Roma’s Curva Sud, forming the Derby della Capitale, one of football’s fiercest city derbies.",
    "logo": "https://ultras-project.s3.amazonaws.com/e41c6f.jpg"
  }
},
{
  "model": "main.group",
  "pk": 57,
  "fields": {
    "name": "Curva Sud Roma",
    "country": 107,
    "founding_year": 1979,
    "description": "Founded in 1979, this group supports AS Roma, occupying the south stand at Stadio Olimpico. They are known for large banners, choreographies, and passionate chants emphasizing Roman identity and pride. Their fiercest rivalry is with Lazio’s Irriducibili in the Derby della Capitale.",
    "logo": "https://ultras-project.s3.amazonaws.com/306484.jpg"
  }
},
{
  "model": "main.group",
  "pk": 58,
  "fields": {
    "name": "Ultras Napoli",
    "country": 107,
    "founding_year": 1985,
    "description": "One of Napoli’s main Ultras groups, founded in 1985. Famous for large tifos, pyro, and vocal support in Stadio Diego Armando Maradona, they represent the working-class spirit of Naples. They are fiercely loyal to Napoli and have rivalries with Juventus and Roma. Their displays often include social and political messages reflecting Neapolitan pride.",
    "logo": "https://ultras-project.s3.amazonaws.com/521993.webp"
  }
},
{
  "model": "main.group",
  "pk": 59,
  "fields": {
    "name": "Ultras Winners",
    "country": 220,
    "founding_year": 2003,
    "description": "Established in 2003, they support Club Africain, Esperance’s fiercest rival. Beyond match-day support, they gained notoriety for their fiery displays during the Tunis Derby, sometimes causing matches to be delayed due to pyro and crowd intensity. The group emphasizes urban culture in Tunis, mixing football passion with a sense of community identity. Their political and social commentary is subtly integrated into chants and banners, making them influential both inside and outside the stadium.",
    "logo": "https://ultras-project.s3.amazonaws.com/783985.jpg"
  }
},
{
  "model": "main.group",
  "pk": 60,
  "fields": {
    "name": "Ultras L'Emkachkhines",
    "country": 220,
    "founding_year": 2002,
    "description": "they are the main Ultras of Esperance de Tunis. Famous for creating massive tifos and pyro shows in Stade Hammadi Agrebi, they are not just supporters but also active participants in Tunisian football culture. They played a crucial role during tense derbies against Club Africain, helping maintain fan pressure even during politically unstable periods in Tunisia. Their chants often reflect local pride and social identity, and they are known for organizing large traveling contingents to CAF Champions League matches, making Esperance one of the most intimidating clubs for visiting teams in Africa.",
    "logo": "https://ultras-project.s3.amazonaws.com/1432c5.jpg"
  }
},
{
  "model": "main.group",
  "pk": 61,
  "fields": {
    "name": "Green Boys",
    "country": 147,
    "founding_year": 2001,
    "description": "Founded in 2001, the Green Boys are one of the largest and most famous supporter groups of Raja Casablanca. Known for their massive tifos, pyro displays, and coordinated chants, they create an intimidating atmosphere at Stade Mohamed V. Beyond football, they are recognized for their strong social identity, representing the working-class neighborhoods of Casablanca. They also organize massive traveling contingents for African Champions League matches, giving Raja an international reputation. Their main rivalries are with Wydad Casablanca’s Ultras, forming the legendary Casablanca Derby, one of Africa’s fiercest football rivalries.",
    "logo": "https://ultras-project.s3.amazonaws.com/8873d7.webp"
  }
},
{
  "model": "main.group",
  "pk": 62,
  "fields": {
    "name": "Ultras Winners",
    "country": 147,
    "founding_year": 2005,
    "description": "Established in 2005, they support Wydad Casablanca, Raja’s eternal rivals. Famous for spectacular banners, pyro shows, and relentless chants, they play a central role in the Casablanca Derby. The group is known for its strong community ties and active social presence in Casablanca neighborhoods. They occasionally engage in political or social commentary through banners and songs, reflecting local issues alongside football passion.",
    "logo": "https://ultras-project.s3.amazonaws.com/8086b9.png"
  }
},
{
  "model": "main.group",
  "pk": 65,
  "fields": {
    "name": "Legia Warszawa – Żyleta",
    "country": 174,
    "founding_year": 1980,
    "description": "The ultras group of Legia Warsaw, known as Żyleta, has been active since the 1980s and is centered in the famous East Stand of the stadium. They are legendary in Poland for their passionate support, elaborate tifos, and pyro displays. Over the decades, Żyleta has been involved in intense clashes with rivals like Lech Poznań, notably during the 1993–1994 season when riots broke out during a Warsaw–Poznań derby. They are also known for their anti-racist banners and political statements, though sometimes controversial, they maintain one of the most organized ultras structures in Poland.",
    "logo": "https://ultras-project.s3.amazonaws.com/964180.jpg"
  }
},
{
  "model": "main.group",
  "pk": 66,
  "fields": {
    "name": "Młoda Lech",
    "country": 174,
    "founding_year": 1984,
    "description": "Młoda Lech, the main ultras group supporting Lech Poznań, emerged in the late 1980s and gained recognition for their massive choreographies and loyalty to the club. One of their most famous moments was in 1994 when they organized a pyro spectacle during a derby against Legia Warsaw, which became an iconic moment in Polish ultras history. Known for their strict code of conduct and solidarity, they maintain strong influence in the western Poland fan scene.",
    "logo": "https://ultras-project.s3.amazonaws.com/bd2f05.jpeg"
  }
},
{
  "model": "main.group",
  "pk": 67,
  "fields": {
    "name": "White Star Boys",
    "country": 174,
    "founding_year": 1990,
    "description": "The ultras of Wisła Kraków, known as White Star Boys or historically Wisła Sharks, have been active since the 1990s. They are famous for producing huge banners and tifos, especially in Kraków derbies against Cracovia. A notable incident occurred in 2000 when clashes with Cracovia fans led to stadium bans, but the group continued to support the club passionately, maintaining political messages and charitable actions within the city.",
    "logo": "https://ultras-project.s3.amazonaws.com/3d4e5e.jpg"
  }
},
{
  "model": "main.group",
  "pk": 68,
  "fields": {
    "name": "Ultras Cracovia",
    "country": 174,
    "founding_year": 1995,
    "description": "Pasów, the ultras of Cracovia, have a long-standing history dating back to the early 1990s, though the club itself is over 100 years old. Their fan base is known for disciplined choreographies and strong rivalry with Wisła Kraków. In 1998, Cracovia ultras staged one of the largest tifos in Kraków history to celebrate a championship match, while also enduring police crackdowns due to past clashes.",
    "logo": "https://ultras-project.s3.amazonaws.com/5a4adb.jpeg"
  }
},
{
  "model": "main.group",
  "pk": 69,
  "fields": {
    "name": "Wrocław Ultras",
    "country": 174,
    "founding_year": 1997,
    "description": "The Wrocław Ultras have been supporting Śląsk Wrocław actively since the 1990s. Famous for their colorful tifos, flares, and vocal support, they played a central role in bringing large-scale choreographies to Polish football. In 2007, they organized a huge banner campaign during the Ekstraklasa matches to celebrate the club’s resurgence, gaining nationwide recognition.",
    "logo": "https://ultras-project.s3.amazonaws.com/a61716.png"
  }
},
{
  "model": "main.group",
  "pk": 70,
  "fields": {
    "name": "Torcida Zabrze",
    "country": 174,
    "founding_year": 1999,
    "description": "Torcida Zabrze, the ultras of Górnik Zabrze, formed in 1999 and are one of the oldest organized fan groups in Silesia. Known for their loyalty and choreographies, they have historically been involved in intense regional rivalries with Ruch Chorzów. A famous event occurred in 1999 when the group staged a 50-meter-long banner in the Upper Silesian derby, which became legendary among Polish ultras.",
    "logo": "https://ultras-project.s3.amazonaws.com/357ba3.jpeg"
  }
},
{
  "model": "main.tifo",
  "pk": 59,
  "fields": {
    "date": "2011-10-18",
    "tifo_type": "C",
    "description": "Final Egyptian cup 2011, UWK where in their peak performance, the tefo showed a member of the  group moving the last step in a chess game with a message \"Check Mate\"",
    "picture": "https://ultras-project.s3.amazonaws.com/79d56b.jpg",
    "match": "Zamalek Vs Enppi",
    "group": 33,
    "user": 5
  }
},
{
  "model": "main.tifo",
  "pk": 60,
  "fields": {
    "date": "2011-11-08",
    "tifo_type": "C",
    "description": "100 year of Zamalek, the club that was established in 1911, had it's 100 years match celebration again the spanish giant \"Atletico Madrid\", the white knights decided to make it a special night with a curva sud tifo writing the word zamalek club in an arabic classic writing, this match had more than one tifo, alot of actions, and piro shows",
    "picture": "https://ultras-project.s3.amazonaws.com/bb5f45.jpg",
    "match": "Zamalek vs Atelico Madrid",
    "group": 33,
    "user": 5
  }
},
{
  "model": "main.tifo",
  "pk": 61,
  "fields": {
    "date": "2025-04-14",
    "tifo_type": "B",
    "description": "Legia Warsaw supporters were fined by UEFA after displaying a tifo during European qualifying that commemorated the 73rd anniversary of the Warsaw Uprising, which violated UEFA’s ban on political messages. In response, during a later match against Sheriff Tiraspol, the fans unveiled a powerful anti-UEFA tifo, directly criticizing the governing body. The display showcased the ultras’ defiance and ability to make bold statements, emphasizing their passionate and politically aware fan culture.",
    "picture": "https://ultras-project.s3.amazonaws.com/f23b0e.png",
    "match": "Legia Warsaw vs Sheriff Tiraspol",
    "group": 65,
    "user": 5
  }
},
{
  "model": "main.tifo",
  "pk": 62,
  "fields": {
    "date": "2017-08-02",
    "tifo_type": "B",
    "description": "On Aug 2, 2017, Legia Warsaw supporters displayed a striking tifo honoring the 73rd anniversary of the Warsaw Uprising before their Champions League qualifying match against FC Astana. The display depicted a German officer threatening a child, highlighting the brutality of the Uprising, in which over 150,000 civilians were killed. Legia won the match 1-0 but was eliminated due to a 3-1 first-leg loss. The club and its patriotic fan base have a tradition of commemorating the Uprising, including inviting surviving participants as VIPs in 2014.",
    "picture": "https://ultras-project.s3.amazonaws.com/b6a565.jpg",
    "match": "Legia Warsaw vs FC Astana",
    "group": 65,
    "user": 5
  }
},
{
  "model": "main.tifo",
  "pk": 63,
  "fields": {
    "date": "2024-07-20",
    "tifo_type": "B",
    "description": "On 20 July 2024, Legia Warsaw’s ultras stunned fans and media alike during the season opener against Zagłębie Lubin with a provocative tifo. Initially, a banner reading “Refugees Welcome” appeared, seemingly supporting immigration—but the full display quickly revealed its true message: a blonde woman holding a pig’s head, flanked by armed men, set against Poland’s national colors. The shocking imagery was widely interpreted as a sarcastic critique of Poland’s refugee policies, sparking outrage and condemnation from the UN Refugee Agency, while the club distanced itself from the controversial display. The tifo showcased the ultras’ flair for drama, political commentary, and ability to dominate the stadium spectacle, leaving a lasting impression on fans and observers alike.",
    "picture": "https://ultras-project.s3.amazonaws.com/a68b83.jpeg",
    "match": "Legia Warsaw vs Zagłębie Lubin",
    "group": 65,
    "user": 5
  }
}
]
